holiday,ds,lower_window,upper_window
Tahun Baru Masehi,2015-01-01,0,1
Maulid Nabi Muhammad SAW 1436 H,2015-01-03,0,1
Tahun Baru Imlek 2566 Kongzili,2015-02-19,0,1
Hari Raya Nyepi,2015-03-21,0,1
Wafat Isa Almasih,2015-04-03,0,1
Hari Buruh Internasional,2015-05-01,0,1
Kenaikan Yesus Kristus,2015-05-14,0,1
Isra' Mi'raj Nabi Muhammad SAW,2015-05-16,0,1
Hari Lahirnya Pancasila,2015-06-01,0,1
Hari Raya Waisak 2559,2015-06-02,0,1
Hari Raya Idul Fitri 1436 H,2015-07-17,0,1
Hari Raya Idul Fitri 1436 H,2015-07-18,0,1
Hari Proklamasi Kemerdekaan RI,2015-08-17,0,1
Hari Raya Idul Adha 1436 H,2015-09-24,0,1
Tahun Baru Islam 1437 H,2015-10-14,0,1
Maulid Nabi Muhammad SAW 1437 H,2015-12-24,0,1
Hari Raya Natal,2015-12-25,0,1
Tahun Baru Masehi,2016-01-01,0,1
Tahun Baru Imlek 2567 Kongzili,2016-02-08,0,1
Hari Raya Nyepi,2016-03-09,0,1
Wafat Isa Al-Masih,2016-03-25,0,1
Hari Buruh Internasional,2016-05-01,0,1
Kenaikan Yesus Kristus,2016-05-05,0,1
Isra' Mi'raj Nabi Muhammad SAW,2016-05-06,0,1
Hari Raya Waisak 2560,2016-05-22,0,1
Hari Lahirnya Pancasila,2016-06-01,0,1
Hari Raya Idul Fitri 1437 H,2016-07-06,0,1
Hari Raya Idul Fitri 1437 H,2016-07-07,0,1
Hari Proklamasi Kemerdekaan RI,2016-08-17,0,1
Hari Raya Idul Adha 1437 H,2016-09-12,0,1
Tahun Baru Islam 1438 H,2016-10-02,0,1
Maulid Nabi Muhammad SAW,2016-12-12,0,1
Hari Raya Natal,2016-12-25,0,1
Tahun Baru Masehi,2017-01-01,0,1
Tahun Baru Imlek 2568 Kongzili,2017-01-28,0,1
Hari Raya Nyepi,2017-03-28,0,1
Wafat Isa Al Masih,2017-04-14,0,1
Isra Miraj Nabi Muhammad SAW,2017-04-24,0,1
Hari Buruh Internasional,2017-05-01,0,1
Hari Raya Waisak 2561,2017-05-11,0,1
Kenaikan Isa Al Masih,2017-05-25,0,1
Hari Lahirnya Pancasila,2017-06-01,0,1
Hari Raya Idul Fitri 1438 Hijriah,2017-06-25,0,1
Hari Raya Idul Fitri 1438 Hijriah,2017-06-26,0,1
Hari Proklamasi Kemerdekaan RI,2017-08-17,0,1
Hari Raya Idul Adha 1438 Hijriah,2017-09-01,0,1
Tahun Baru Islam 1439 Hijriah,2017-09-21,0,1
Maulid Nabi Muhammad SAW,2017-12-01,0,1
Hari Raya Natal,2017-12-25,0,1
Tahun Baru Masehi,2018-01-01,0,1
Tahun Baru Imlek 2569 Kongzili,2018-02-16,0,1
Hari Raya Nyepi,2018-03-17,0,1
Hari Raya Nyepi,2018-03-18,0,1
Wafat Isa Al Masih,2018-03-30,0,1
Isra Mikraj Nabi Muhammad SAW,2018-04-14,0,1
Hari Buruh Internasional,2018-05-01,0,1
Kenaikan Isa Al Masih,2018-05-10,0,1
Hari Raya Waisak 2562,2018-05-29,0,1
Hari Lahirnya Pancasila,2018-06-01,0,1
Hari Raya Idul Fitri 1439 Hijriyah,2018-06-15,0,1
Hari Raya Idul Fitri 1439 Hijriyah,2018-06-16,0,1
Hari Proklamasi Kemerdekaan RI,2018-08-17,0,1
Hari Raya Idul Adha 1439 Hijriyah,2018-08-22,0,1
Tahun Baru Islam 1440 Hijriyah,2018-09-11,0,1
Maulid Nabi Muhammad SAW,2018-11-20,0,1
Hari Raya Natal,2018-12-25,0,1
Tahun Baru Masehi,2019-01-01,0,1
Tahun Baru Imlek 2570 Kongzili,2019-02-05,0,1
Hari Raya Nyepi,2019-03-07,0,1
Isra Mikraj Nabi Muhammad SAW,2019-04-03,0,1
Wafat Isa Al Masih,2019-04-19,0,1
Hari Buruh Internasional,2019-05-01,0,1
Hari Raya Waisak 2563,2019-05-19,0,1
Kenaikan Isa Al Masih,2019-05-30,0,1
Hari Lahirnya Pancasila,2019-06-01,0,1
Hari Raya Idul Fitri 1440 Hijriyah,2019-06-05,0,1
Hari Raya Idul Fitri 1440 Hijriyah,2019-06-06,0,1
Hari Raya Idul Adha 1440 Hijriyah,2019-08-11,0,1
Hari Proklamasi Kemerdekaan RI,2019-08-17,0,1
Tahun Baru Islam 1441 Hijriyah,2019-09-01,0,1
Maulid Nabi Muhammad SAW,2019-11-09,0,1
Hari Raya Natal,2019-12-25,0,1
Tahun Baru Masehi,2020-01-01,0,1
Tahun Baru Imlek 2571 Kongzili,2020-01-25,0,1
Isra Mikraj Nabi Muhammad SAW,2020-03-22,0,1
Hari Raya Nyepi,2020-03-25,0,1
Wafat Isa Al Masih,2020-04-10,0,1
Hari Buruh Internasional,2020-05-01,0,1
Hari Raya Waisak 2564,2020-05-07,0,1
Kenaikan Isa Al Masih,2020-05-21,0,1
Hari Raya Idul Fitri 1441 Hijriyah,2020-05-24,0,1
Hari Raya Idul Fitri 1441 Hijriyah,2020-05-25,0,1
Hari Lahirnya Pancasila,2020-06-01,0,1
Hari Raya Idul Adha 1441 Hijriyah,2020-07-31,0,1
Hari Proklamasi Kemerdekaan RI,2020-08-17,0,1
Tahun Baru Islam 1442 Hijriyah,2020-08-20,0,1
Maulid Nabi Muhammad SAW,2020-10-29,0,1
Hari Raya Natal,2020-12-25,0,1
Tahun Baru Masehi,2021-01-01,0,1
Tahun Baru Imlek 2572 Kongzili,2021-02-12,0,1
Isra Mikraj Nabi Muhammad SAW,2021-03-11,0,1
Hari Raya Nyepi,2021-03-14,0,1
Wafat Isa Al Masih,2021-04-02,0,1
Hari Buruh Internasional,2021-05-01,0,1
Kenaikan Isa Al Masih,2021-05-13,0,1
Hari Raya Idul Fitri 1442 Hijriyah,2021-05-13,0,1
Hari Raya Idul Fitri 1442 Hijriyah,2021-05-14,0,1
Hari Raya Waisak 2565,2021-05-26,0,1
Hari Lahirnya Pancasila,2021-06-01,0,1
Hari Raya Idul Adha 1442 Hijriyah,2021-07-20,0,1
Tahun Baru Islam 1443 Hijriyah,2021-08-10,0,1
Hari Proklamasi Kemerdekaan RI,2021-08-17,0,1
Maulid Nabi Muhammad SAW,2021-10-19,0,1
Hari Raya Natal,2021-12-25,0,1
Tahun Baru Masehi,2022-01-01,0,1
Tahun Baru Imlek 2573 Kongzili,2022-02-01,0,1
Isra Mikraj Nabi Muhammad SAW,2022-02-28,0,1
Hari Raya Nyepi,2022-03-03,0,1
Wafat Isa Al Masih,2022-04-15,0,1
Hari Buruh Internasional,2022-05-01,0,1
Hari Raya Idul Fitri 1443 Hijriyah,2022-05-02,0,1
Hari Raya Idul Fitri 1443 Hijriyah,2022-05-03,0,1
Hari Raya Waisak 2566,2022-05-16,0,1
Kenaikan Isa Al Masih,2022-05-26,0,1
Hari Lahirnya Pancasila,2022-06-01,0,1
Hari Raya Idul Adha 1443 Hijriyah,2022-07-09,0,1
Tahun Baru Islam 1444 Hijriyah,2022-07-30,0,1
Hari Proklamasi Kemerdekaan RI,2022-08-17,0,1
Maulid Nabi Muhammad SAW,2022-10-08,0,1
Hari Raya Natal,2022-12-25,0,1
Tahun Baru Masehi,2023-01-01,0,1
Tahun Baru Imlek 2574 Kongzili,2023-01-22,0,1
Isra Mikraj Nabi Muhammad SAW,2023-02-18,0,1
Hari Raya Nyepi,2023-03-22,0,1
Wafat Isa Al Masih,2023-04-07,0,1
Hari Raya Idul Fitri 1444 Hijriyah,2023-04-22,0,1
Hari Raya Idul Fitri 1444 Hijriyah,2023-04-23,0,1
Hari Buruh Internasional,2023-05-01,0,1
Kenaikan Isa Al Masih,2023-05-18,0,1
Hari Lahirnya Pancasila,2023-06-01,0,1
Hari Raya Waisak 2567,2023-06-04,0,1
Hari Raya Idul Adha 1444 Hijriyah,2023-06-29,0,1
Tahun Baru Islam 1445 Hijriyah,2023-07-19,0,1
Hari Proklamasi Kemerdekaan RI,2023-08-17,0,1
Maulid Nabi Muhammad SAW,2023-09-28,0,1
Hari Raya Natal,2023-12-25,0,1
Tahun Baru Masehi,2024-01-01,0,1
Isra Mikraj Nabi Muhammad SAW,2024-02-08,0,1
Tahun Baru Imlek 2575 Kongzili,2024-02-10,0,1
Hari Raya Nyepi,2024-03-11,0,1
Wafat Isa Al Masih,2024-03-29,0,1
Hari Raya Idul Fitri 1445 Hijriyah,2024-04-10,0,1
Hari Raya Idul Fitri 1445 Hijriyah,2024-04-11,0,1
Hari Buruh Internasional,2024-05-01,0,1
Kenaikan Isa Al Masih,2024-05-09,0,1
Hari Raya Waisak 2568,2024-05-23,0,1
Hari Lahirnya Pancasila,2024-06-01,0,1
Hari Raya Idul Adha 1445 Hijriyah,2024-06-17,0,1
Tahun Baru Islam 1446 Hijriyah,2024-07-07,0,1
Hari Proklamasi Kemerdekaan RI,2024-08-17,0,1
Maulid Nabi Muhammad SAW,2024-09-15,0,1
Hari Raya Natal,2024-12-25,0,1
Tahun Baru Masehi,2025-01-01,0,1
Isra Mikraj Nabi Muhammad SAW,2025-01-27,0,1
Tahun Baru Imlek 2576 Kongzili,2025-01-29,0,1
Hari Raya Nyepi,2025-03-29,0,1
Hari Raya Idul Fitri 1446 Hijriyah,2025-03-31,0,1
Hari Raya Idul Fitri 1446 Hijriyah,2025-04-01,0,1
Wafat Isa Al Masih,2025-04-18,0,1
Hari Buruh Internasional,2025-05-01,0,1
Hari Raya Waisak 2569,2025-05-12,0,1
Kenaikan Isa Al Masih,2025-05-29,0,1
Hari Lahirnya Pancasila,2025-06-01,0,1
Tahun Baru Islam 1447 Hijriyah,2025-06-27,0,1
Hari Proklamasi Kemerdekaan RI,2025-08-17,0,1
Maulid Nabi Muhammad SAW,2025-09-05,0,1
Hari Raya Natal,2025-12-25,0,1
Tahun Baru Masehi,2026-01-01,0,1
Isra Mikraj Nabi Muhammad SAW,2026-01-16,0,1
Tahun Baru Imlek 2577 Kongzili,2026-02-17,0,1
Hari Raya Nyepi,2026-03-19,0,1
Hari Raya Idul Fitri 1447 Hijriyah,2026-03-20,0,1
Hari Raya Idul Fitri 1447 Hijriyah,2026-03-21,0,1
Wafat Isa Al Masih,2026-04-03,0,1
Hari Buruh Internasional,2026-05-01,0,1
Kenaikan Isa Al Masih,2026-05-14,0,1
Hari Raya Idul Adha 1447 Hijriyah,2026-05-27,0,1
Hari Raya Waisak 2570,2026-05-31,0,1
Hari Lahirnya Pancasila,2026-06-01,0,1
Tahun Baru Islam 1448 Hijriyah,2026-06-16,0,1
Hari Proklamasi Kemerdekaan RI,2026-08-17,0,1
Maulid Nabi Muhammad SAW,2026-08-25,0,1
Hari Raya Natal,2026-12-25,0,1
